0.49330136,111.451195,0.5418039
0.50303817,186.37003,0.9043554
0.4305201,212.15373,0.8163644
0.06515622,159.43985,0.8168726
0.27299827,137.48238,0.7733488
0.94244325,82.754,0.8287555
0.50691295,187.25116,0.85995793
0.457788,125.573105,0.5202113
0.48727268,79.14531,0.8899526
0.69871116,124.612076,0.69740146
0.90348315,217.8048,0.6295106
0.46561706,179.8476,0.9083401
0.4421007,204.03824,0.5748558
0.07957837,210.44348,0.50473285
0.11562839,180.34766,0.69693184
0.32274765,125.429886,0.8274214
0.2633702,178.58485,0.763116
0.8170834,197.87878,0.7666545
0.05288726,85.213425,0.66546106
-0.00079119205,33.268482,0.8661572
0.4743299,83.58864,0.5225651
0.67022717,34.45209,0.6274979
0.23089334,168.02672,0.8700596
0.113260925,232.22575,0.50650024
0.40760922,201.28897,0.8129492
0.84340525,175.91537,0.9370407
0.24144194,111.1468,0.78199524
0.5071982,101.27978,0.7011084
0.5594569,53.41229,0.9773674
0.66071016,148.60237,0.9169894
0.29431027,135.71548,0.6583728
0.927696,132.62158,0.5202639
0.37998652,147.88626,0.83273315
0.21696603,195.12207,0.74238276
0.78588283,108.22877,0.7360032
0.57404894,200.82182,0.6869962
0.019031048,34.569828,0.6918276
0.8878133,138.4855,0.63100064
0.1723128,180.21867,0.59422785
0.23962396,60.014225,0.71544147
0.89756894,216.62137,0.9634731
0.19668841,135.33286,0.91617495
0.41097736,114.47936,0.9050905
0.5964521,165.19502,0.6960443
0.82065856,194.6463,0.8477943
0.84515244,202.52364,0.65483546
0.45820802,105.33514,0.9848134
0.9250984,121.04653,0.92311263
0.99971414,45.176205,0.6766646
0.20123568,83.750114,0.8531803
0.11065367,62.87363,0.88088024
0.5246552,84.5688,0.5220092
0.9725704,110.05683,0.9214506
0.7474654,165.33913,0.94491255
0.87676275,117.315796,0.8908323
0.16579318,164.15271,0.9181702
0.27420282,156.43466,0.9302894
0.75662655,63.011528,0.8707229
0.6885862,210.55684,0.5534927
0.4232752,71.8065,0.6219386
0.1878387,97.38989,0.5991664
0.4620823,72.53033,0.7032489
0.8720969,191.83159,0.97871983
0.7151359,195.07767,0.8534145
0.7686318,42.151337,0.69295967
0.16951624,214.41423,0.68796134
0.42572165,211.72258,0.93695974
0.83372784,199.84373,0.90325665
0.38104331,196.2534,0.84660375
0.18696478,205.76152,0.7963437
0.29472017,98.176056,0.5669248
0.52240044,173.05298,0.5737494
0.024505675,104.88813,0.9347715
0.4449109,39.843403,0.6910852
0.88870215,101.771675,0.9116994
0.54875356,76.541695,0.54826593
0.5283989,171.32245,0.6704875
0.91205615,198.7892,0.8559699
0.7862369,222.21458,0.789657
0.40200853,53.11999,0.60032976
0.9644816,140.9945,0.66789985
0.70379245,121.13782,0.5645135
0.76165974,95.66119,0.60722435
0.52819616,92.01316,0.9350349
0.26096863,74.71495,0.9385959
0.7365224,114.66685,0.725278
0.055135697,43.482296,0.6389187
0.20110098,130.18001,0.662561
0.44588614,37.59788,0.56700623
0.7259358,176.68977,0.8739802
0.042461395,173.35234,0.60472524
0.49779308,73.57814,0.5533241
0.48452756,210.54495,0.70085037
0.37384218,127.79437,0.5720901
0.7556133,45.152515,0.59334785
0.8133427,195.51147,0.82421196
0.44809076,126.4371,0.55667704
0.26005545,97.41697,0.8420023
0.37660193,131.28368,0.6262334
0.39460725,161.48459,0.88823295
0.01739633,46.683838,0.79762685
0.0016295314,151.06116,0.5286722
0.05455789,153.27534,0.68720126
0.62578964,171.52153,0.950022
0.057496548,195.24376,0.69411296
0.76904166,143.878,0.6267593
0.2445054,184.20058,0.6393325
0.49054906,140.65752,0.970011
0.47211856,176.58444,0.69062304
0.87861353,125.45916,0.8181128
0.79498863,103.523254,0.594076
0.77285,57.708862,0.8010498
0.5960563,33.192608,0.6583984
0.33036935,63.86409,0.75273067
0.29515314,97.81962,0.8477652
0.35213584,56.576458,0.66746414
0.4296848,89.09922,0.9754915
0.060867816,70.56099,0.60076106
0.7295707,214.39691,0.5318136
0.014860719,153.24272,0.9230605
0.35551247,192.79373,0.5334344
0.30322787,125.46619,0.784539
0.9094384,58.560944,0.7457132
0.5714226,30.021177,0.5375018
0.3781158,145.09807,0.98177695
0.46640933,54.492516,0.5276742
0.32533723,117.589806,0.9380413
0.40491232,200.29132,0.580807
0.1166563,167.7345,0.60215014
0.76749325,63.309765,0.8322155
0.37997705,182.84328,0.85241437
0.50524646,188.4287,0.5494108
0.5482863,53.43387,0.7963346
0.64889216,173.22586,0.56455624
0.051063478,84.28823,0.7408072
0.89218056,178.9006,0.94708276
0.30856657,72.336945,0.7797022
0.09708467,214.79906,0.52998346
0.6737496,122.17685,0.9948094
0.4265571,201.35623,0.7843018
0.70786023,52.04034,0.68078965
0.8258717,214.14964,0.6580946
0.800432,197.65918,0.8870834
0.47200456,88.583015,0.57492566
0.34028935,202.25743,0.5087174
0.84428775,183.13832,0.79864335
0.59416515,206.93443,0.78441936
0.4451697,155.87411,0.72594017
0.090788364,205.44228,0.80367124
0.6090813,204.56512,0.92956716
0.81488824,114.27743,0.83645976
0.2705633,35.2957,0.59423566
0.45995736,93.7001,0.71883404
0.8692801,74.859566,0.9175676
0.3020504,112.73597,0.5341408
0.5358264,198.79688,0.64144963
0.17084628,53.63922,0.5491415
0.539973,37.581787,0.8795396
0.20914957,105.332405,0.98986953
0.23032272,209.24751,0.88754773
0.431733,31.086802,0.731974
0.18511584,220.13239,0.62051475
0.23988801,178.30653,0.9195837
0.8164757,214.45206,0.90245867
0.343356,136.91853,0.97892547
0.45936862,214.13054,0.5184416
0.42703944,54.293056,0.74998844
0.5704999,28.207752,0.88179994
0.049830437,64.31683,0.83093566
0.6480404,208.303,0.7814114
0.4956227,91.23168,0.9020319
0.5428406,147.56339,0.53892547
0.5649344,144.4231,0.6453732
0.2831471,49.676556,0.7145191
0.8360777,180.6371,0.58827496
0.48236945,120.3117,0.990116
0.62462044,36.027264,0.8363323
0.29084212,122.235405,0.7635151
0.66752887,230.3881,0.64302415
0.9543945,68.870605,0.7010062
0.26181868,139.3568,0.5354381
0.4754313,187.40688,0.7364922
0.44905505,42.7509,0.7178347
0.8230222,123.767105,0.9482366
0.44747144,56.62913,0.86814815
0.8269664,89.19715,0.52625334
0.40913656,60.21493,0.55026394
0.70446223,168.85384,0.5467917
0.8280857,160.64218,0.97367334
0.29090822,44.934483,0.51380455
0.5988149,171.67854,0.71923435
0.1418277,125.33008,0.5157309
0.048283488,98.3254,0.7152278
0.12952462,202.4453,0.60001546
0.530688,54.76443,0.71685374
0.69664156,192.25137,0.81964046
0.14618748,38.977627,0.8711783
0.16968483,189.85522,0.7583635
0.5000799,212.96992,0.5567189
0.52483207,71.24464,0.832634
0.1932871,217.3725,0.9482824
0.6122644,128.55705,0.9629385
0.9602773,48.64107,0.5542146
0.3898668,117.228806,0.98029685
0.6368734,205.23494,0.8432284
0.7433655,179.31764,0.9430433
0.21396145,125.07537,0.6054678
0.35194606,92.38308,0.6276925
0.2814806,161.64403,0.8341291
0.328216,44.270733,0.8591918
0.24259815,44.013855,0.7687572
0.86615664,121.72014,0.9923078
0.7476918,217.8754,0.79297256
0.2895873,126.96398,0.84520483
0.9411965,94.40463,0.65680116
0.51228815,156.00613,0.94534826
0.25018275,179.98244,0.9042635
0.06423393,232.20345,0.80783206
0.34781414,215.74564,0.51463556
0.8141795,198.1472,0.79394996
0.86731184,217.16402,0.7740618
0.6340065,150.03096,0.8270875
0.31720933,185.0771,0.5502554
0.4346117,35.712425,0.8417755
0.57291627,87.441826,0.7424158
0.5943863,152.23328,0.9589684
0.27368495,216.21393,0.8960804
0.28259468,196.85239,0.8020265
0.14581466,137.20367,0.8179476
0.92336214,117.72179,0.9417124
0.7902642,41.985905,0.86732423
0.79081494,150.6955,0.95385826
0.793329,207.77505,0.84783125
0.45428926,202.6006,0.7460003
0.76702446,209.99802,0.75956106
0.46641257,87.67916,0.6398647
0.7080591,183.54205,0.9847051
0.0115715265,36.28318,0.6073213
0.09323877,107.023125,0.9781717
0.3283209,47.514046,0.60069495
0.6956422,32.30103,0.7551551
0.45828298,199.8596,0.85193336
0.69258475,112.785934,0.95222294
0.1095109,157.84773,0.8329227
-0.04296899,93.62926,0.7627758
0.89375496,201.65663,0.932392
0.64199543,78.01616,0.83201325
0.13533014,202.86345,0.86879426
0.4198519,74.607994,0.91727257
0.61174154,219.42819,0.6106693
0.36166605,147.97073,0.8880286
0.8005651,175.5106,0.76162875
0.16521612,56.922554,0.8162854
0.6174276,80.56557,0.9454533
0.13615698,43.79849,0.51853603
0.7215987,171.81442,0.88093936
0.2466219,62.176693,0.958651
0.1427536,98.42599,0.6312528
0.704782,173.14014,0.69702625
0.789853,187.66357,0.799746
0.2696305,196.81905,0.76073945
0.27790573,184.65747,0.8639171
0.31917536,97.776,0.8467889
0.8678241,168.02524,0.5911783
0.6754565,169.3805,0.54367274
0.7185228,92.39261,0.64736557
0.7657758,210.96077,0.805322
0.06878489,103.96285,0.8162174
0.09783307,180.23495,0.86181533
0.16771263,116.95681,0.7873305
0.37110505,57.73448,0.7633259
0.7713527,79.4697,0.83490443
0.3381548,116.91164,0.8990762
0.46183172,88.24713,0.573091
0.11665833,79.068504,0.8852526
0.9140275,46.479122,0.7539476
0.29230642,72.851524,0.5416257
0.34598553,213.26147,0.5058876
0.31958032,139.8941,0.8959336
0.5896733,148.19293,0.8956776
0.33713418,172.1321,0.9559355
0.72716916,167.1632,0.8595083
0.5895857,189.61389,0.5531357
0.32293326,200.0166,0.85981154
0.8674084,110.06938,0.66478205
0.479568,38.227295,0.5389369
0.53199315,81.88399,0.54795563
0.6029206,191.23344,0.539534
0.3563674,197.90556,0.63125306
0.81793094,153.87997,0.9220649
0.7634227,191.01782,0.5474348
0.7759619,28.484968,0.6627685
0.47862044,205.1659,0.7116606
0.812605,191.56932,0.5758984
0.7275844,59.29205,0.8303548
0.24743214,170.57849,0.98549676
0.19365078,211.07219,0.87181395
0.2348581,112.353004,0.90685856
0.48506105,152.99728,0.508633
0.93664145,214.99223,0.53019637
0.87915826,160.90462,0.90946203
0.66712135,178.63026,0.58412087
0.7154659,165.5952,0.9870126
0.6204385,166.6631,0.51079935
0.87672716,140.87534,0.7318822
0.13615015,132.22986,0.5137067
0.4138786,102.324974,0.6731237
0.26447523,131.5871,0.565775
0.81959164,231.22635,0.53267276
0.09818092,33.349483,0.5809474
0.041421145,226.41508,0.7326453
0.41497153,221.11707,0.5470526
0.18164575,93.73702,0.5072539
0.28747368,59.81306,0.7527492
0.38401508,158.80688,0.91792154
0.36153084,190.70494,0.7160286
0.64385045,128.68326,0.9439869
0.25826097,131.70027,0.78606325
0.53965175,207.79544,0.7067086
0.73954695,160.6014,0.8024998
0.42077866,188.41458,0.6733556
0.48227686,135.92331,0.8567966
0.3883682,156.00269,0.8658312
0.68611497,178.16295,0.72954005
0.14866814,119.80221,0.5194183
0.9263176,118.66895,0.8094896
0.12548724,96.72782,0.7664825
0.19970614,114.46333,0.8397462
0.44863948,116.686165,0.7144177
0.22223875,59.080692,0.57959074
0.052210927,102.62564,0.5119449
0.67684937,202.86247,0.5701637
0.8914675,173.30588,0.6158767
0.511396,64.063736,0.81836396
0.26801267,106.6223,0.9864135
0.62353706,47.65503,0.83501565
0.56936055,192.40697,0.517508
0.7094535,176.9843,0.5791817
0.73529094,188.7631,0.62225115
0.1962648,128.53944,0.8253999
0.48733905,122.9206,0.97738534
0.8360473,199.46397,0.9000578
0.49372804,219.4634,0.74706167
0.24331558,176.09926,0.9130103
0.3699969,153.1351,0.9012642
0.2814911,128.08737,0.5297771
0.60757834,181.74399,0.8425504
0.90472347,122.11755,0.80383503
0.3983561,42.285145,0.5131494
0.45051372,73.83442,0.54217273
0.8461007,177.6575,0.6990437
0.6987609,165.14363,0.575455
0.16437864,205.77562,0.5425223
0.46372074,103.78764,0.769673
0.4397281,202.579,0.6582881
0.40312597,112.84679,0.91584796
0.59515935,75.22893,0.619534
0.5743036,84.493835,0.9325565
0.6764691,204.73653,0.6145954
0.75068736,215.1817,0.8204353
0.8423471,68.22034,0.6385071
0.5803881,158.5646,0.77778846
0.45075777,94.920204,0.8230336
0.46207798,125.88849,0.8856629
0.74421763,188.45923,0.52129495
0.8992812,103.46774,0.82505614
0.42884648,91.800354,0.7671703
0.28905413,125.25448,0.98239183
0.7819017,41.850056,0.5534366
0.77766186,196.98419,0.5060262
0.6047029,199.09663,0.51821244
0.7181693,199.17644,0.552611
0.29871503,128.07597,0.51910865
0.6031235,206.3273,0.70303124
-0.029492736,125.19879,0.6495944
0.31973827,39.126225,0.5323666
0.08434087,38.07391,0.9123434
0.79885775,120.688,0.7684469
0.49790692,204.26251,0.7764159
0.17289829,43.12806,0.9518922
0.68365914,102.30587,0.6976742
0.51879877,122.92925,0.5801889
0.73708856,154.10812,0.7182098
0.91707337,150.25543,0.8204104
0.07241085,81.003815,0.61756223
0.04443121,57.712074,0.98046064
0.5906825,188.11572,0.9591735
0.55361116,156.19554,0.9493524
0.29298216,134.94218,0.88388395
0.5813416,196.43523,0.74774593
0.8115895,197.8285,0.7047111
0.030248046,240.7648,0.6246626
0.38809842,121.37964,0.98263204
0.94559216,9.856962,0.77392733
0.20794702,216.25467,0.62419826
0.8259287,203.92163,0.7331476
0.7647748,187.00414,0.8007251
0.941079,215.4303,0.7195526
0.16067359,82.49201,0.7735977
0.4211324,121.29261,0.9205846
0.4045578,132.47536,0.50567114
0.4420754,126.91217,0.5409699
0.8413843,179.24223,0.697552
0.6542744,39.506393,0.6322768
-0.0038172007,170.27434,0.6703688
0.59840107,52.43712,0.67903715
0.3916546,128.981,0.83865094
0.072969735,61.38393,0.8300237
0.46291357,211.8783,0.7807106
0.44002104,109.590706,0.6888631
0.43480885,96.44161,0.7850032
0.5099848,51.313038,0.81462514
0.024182588,129.40796,0.99512696
0.27406618,127.41181,0.88116086
0.9403323,60.27776,0.6434652
0.90093863,181.26453,0.83433425
0.83225715,89.24855,0.94095516
-0.03234428,93.70614,0.7112375
0.71752846,142.97911,0.86373854
0.007029563,188.26573,0.7047272
0.51847404,83.79624,0.92138875
0.8179014,213.17332,0.81062627
0.80896366,207.18306,0.6543256
0.77112687,138.01396,0.7912163
0.32016748,127.67882,0.988263
0.11648175,84.32998,0.7568793
0.8945385,204.04637,0.60335755
0.708169,36.045998,0.81490177
0.4669581,215.59068,0.85748744
0.44676432,98.81397,0.69984573
0.16355959,203.26611,0.5078049
0.63666445,224.95166,0.74479663
0.4560033,141.36128,0.948827
0.62777126,126.5146,0.7218073
0.11558357,34.54974,0.91232467
0.31198937,209.9536,0.59495294
0.23216403,190.81882,0.8836606
0.9056475,72.0698,0.83922017
0.3786217,168.653,0.71001625
0.334514,185.0436,0.63227355
0.65520644,145.1539,0.6203328
0.13960844,160.18034,0.96280617
0.3144891,70.527084,0.9905928
0.24974811,223.02173,0.5697672
0.2063064,189.24055,0.5327543
0.9005276,197.43854,0.60450083
0.16206956,68.60703,0.53914815
0.19276705,130.84114,0.84706867
0.8731729,123.18854,0.84924495
0.68731743,134.13376,0.531407
0.93506277,40.75105,0.69009316
0.7467058,49.593136,0.7044615
0.5308635,214.71088,0.67737436
0.62201935,47.940575,0.8944979
0.9234487,198.8841,0.9226543
-0.02853483,141.38078,0.795297
0.6184926,123.063774,0.7594515
0.34525153,201.1939,0.8222931
0.654443,180.53079,0.57616854
0.40590477,176.21284,0.95038426
0.05339721,68.94496,0.7341586
0.33139881,190.22005,0.8953092
0.7390558,233.53815,0.5956784
0.2501404,56.975765,0.5456522
0.93169284,67.299576,0.5720203
0.5576955,84.02664,0.7504214
0.36363748,26.797243,0.5208845
0.08218366,192.47975,0.7049201
0.40355545,94.15071,0.9536638
0.7356974,63.547356,0.81912994
0.7240292,162.5034,0.53042614
0.43173093,109.96398,0.87646675
0.83492565,163.0738,0.7678086
0.6464583,35.823505,0.546018
0.77611053,216.42444,0.7484928
0.43442753,82.887276,0.64813817
0.8558744,197.71889,0.76004976
0.28496784,182.06277,0.76929975
0.6615286,60.26611,0.5800223
0.7019789,212.51765,0.6260066
0.71355003,176.98381,0.8986349
0.73277473,88.41951,0.876459
0.6099713,58.66206,0.68215835
0.5367238,106.64337,0.7874708
0.38474593,149.58717,0.7003722
0.7854262,35.302776,0.55056787
0.58348006,201.07271,0.71936667
0.82378876,202.02112,0.5753773
0.41088742,137.05568,0.6576939
0.38668463,46.86723,0.5590173
0.42705345,38.815025,0.84114504
0.69257396,86.93568,0.70411277
0.42103523,97.08653,0.81005037
0.72783184,209.99316,0.9602263
0.32254308,78.32415,0.8986988
0.32460213,179.656,0.5504507
0.011265218,169.41075,0.9111217
0.23456022,142.6538,0.6535773
0.64791375,212.88753,0.5513518
0.8452728,192.28104,0.6633427
0.27038413,128.0465,0.5181331
0.78570473,160.68385,0.77829665
0.1967338,32.518658,0.7428686
0.22218329,154.68336,0.8176099
0.6062202,219.67326,0.65848285
0.73805857,226.78543,0.97332364
0.5993938,195.93953,0.9692819
0.10196331,113.79062,0.804926
0.39478037,171.6219,0.87087435
0.02916497,27.819761,0.922171
0.21140456,43.923786,0.86468226
0.82667005,36.46803,0.7671617
0.56290066,65.713425,0.9691108
0.9027429,206.7587,0.848984
0.7859509,178.01727,0.60815865
0.42343616,202.95128,0.66175073
0.31817442,182.79073,0.66647494
0.8878342,187.10161,0.8083923
0.3878621,46.708965,0.6818894
0.8800107,198.72072,0.54536104
0.5121429,186.05392,0.575259
0.7999928,202.13062,0.50718653
0.24272111,128.01483,0.7634766
0.578231,62.498623,0.72643954
0.69127107,191.69872,0.8593975
0.5627927,220.29337,0.8133878
0.2704153,80.29447,0.98188645
0.23631081,132.13031,0.8390813
0.906942,210.44287,0.9264411
0.7355001,107.067024,0.96461964
0.86917603,181.01642,0.75270236
0.2664131,202.76273,0.8654517
0.5395071,117.282326,0.77627087
0.2661796,84.02195,0.86684644
0.83749944,195.24594,0.8912209
0.20110098,130.18001,0.662561
0.67643905,212.80457,0.7384503
0.36450022,96.18761,0.9687768
0.349573,193.44547,0.7265702
0.11679983,65.19967,0.72791183
0.52727056,55.01849,0.61820513
0.86139494,186.09486,0.7447576
0.17505923,127.839325,0.8460288
0.7029413,156.95049,0.7420126
0.23821467,109.796135,0.7575804
0.02147603,58.19659,0.73416793
0.449286,129.84094,0.85514283
0.11291483,144.70586,0.6545624
0.3895814,160.95305,0.88238716
0.72681075,207.4727,0.7489452
-0.005213082,121.71835,0.72133964
0.50358695,62.415146,0.625823
0.6992347,163.13078,0.8551857
0.50466657,60.673386,0.96126324
0.56823784,136.17094,0.5475053
0.18406916,96.484,0.6824268
0.13703147,202.16304,0.6857883
0.21433145,200.54358,0.5903271
0.42297894,100.6339,0.9673028
0.7544624,59.89,0.899719
0.08958608,33.8115,0.7295969
0.44831,214.0124,0.5607927
0.79864186,111.18458,0.5781147
0.43600097,164.71931,0.78518873
0.16659781,229.22083,0.7604073
0.7020464,82.33037,0.63026476
0.4838544,135.16771,0.59180105
0.49056816,74.53157,0.75839883
0.6930204,197.43625,0.530729
0.7242723,51.785465,0.9906604
0.9139998,148.39001,0.9791514
0.5313432,73.83805,0.6931969
0.77449524,207.05765,0.59117305
0.49212956,168.02841,0.8636955
0.35753837,148.04146,0.931503
0.40999284,197.52873,0.9329138
0.4986878,176.15515,0.7833741
0.5515796,197.43353,0.790134
0.86052513,78.94514,0.6726087
0.7904426,75.39135,0.75759506
0.6268813,140.07753,0.96075964
0.4352488,128.56203,0.76511395
0.67888904,219.48145,0.51297355
0.27002233,204.6386,0.5438288
0.4600059,149.35835,0.6595601
0.8909905,126.62243,0.7861074
0.066976726,54.392475,0.84124655
0.43112713,185.25476,0.5795569
0.54442,183.64023,0.9940425
0.66194767,53.748535,0.9073598
0.9583198,147.57751,0.9931114
0.85614026,118.38571,0.9947025
0.4751118,194.3524,0.7621534
0.4815384,168.1601,0.78388864
0.538799,171.7927,0.8358398
0.6148843,77.97629,0.8317605
0.708735,134.3807,0.60919636
0.3685688,121.22572,0.5106135
0.6965052,92.27261,0.88520193
0.14022186,85.712654,0.9097767
0.1596021,219.5097,0.81823444
0.7377176,185.72954,0.9595617
0.4670914,232.6779,0.58425677
0.8624557,159.72882,0.97914004
0.9046468,188.53072,0.8843813
0.23899409,99.97804,0.50976634
0.38538462,202.52939,0.76192665
0.5310975,197.22215,0.76745355
0.13906544,141.70953,0.5618434
0.6815798,133.80392,0.6469182
0.6148772,177.75395,0.8290498
0.86771524,77.20666,0.5868731
0.7005012,153.37747,0.95550317
0.92611843,183.95262,0.9834745
0.8177751,167.8479,0.7711451
0.34202683,76.220406,0.72490513
0.40563297,189.93022,0.8242512
0.4810754,61.385376,0.9786565
0.5775459,235.13513,0.57367945
0.36896026,75.07092,0.52790487
0.7427901,154.79178,0.9591912
0.77345365,141.78564,0.59792686
0.7819756,115.413216,0.57951087
0.92724335,210.66237,0.8855406
0.9310266,21.73315,0.77913785
0.7261883,153.20319,0.5501269
0.7381354,191.28633,0.6382465
0.63679516,184.91768,0.5982234
0.3775376,100.467545,0.63169664
0.15848118,96.91178,0.6673314
0.75274724,197.66997,0.58959967
0.84071344,68.962105,0.6420507
0.8074223,109.86375,0.84727824
0.5637326,190.26799,0.7983936
0.34398836,182.62787,0.86132854
0.40741012,57.20861,0.6237603
0.29494798,194.20932,0.6309126
0.3330018,172.9422,0.7689611
0.6392465,219.98752,0.52727616
0.8338002,152.1942,0.90440476
0.8416146,68.38353,0.6719793
0.28730124,97.25311,0.94504553
0.5940267,34.20134,0.5325129
0.07151821,73.891335,0.86842686
0.80376464,176.46692,0.5975396
0.169058,176.33089,0.7390246
0.09098491,162.31503,0.6814657
0.25334752,40.803127,0.58110046
0.25967574,132.27052,0.7727355
0.5960889,194.85724,0.88727975
0.007926434,143.0577,0.62841856
0.84052944,129.81801,0.7433505
0.5253268,147.3366,0.7071215
-0.01662755,70.17145,0.63131166
0.76919496,218.5699,0.5790813
0.81670284,39.939682,0.65064245
0.4093362,28.841543,0.64219797
0.70913094,180.17902,0.85431516
0.73426616,174.66696,0.6233053
0.32432872,205.11057,0.9820851
0.77438784,176.9215,0.91365546
0.41775787,212.56857,0.6670027
0.5553443,185.1036,0.62011385
0.67298377,18.887306,0.8002608
0.6757883,75.50698,0.87901723
0.042730242,91.47909,0.7784533
0.2569682,46.48716,0.82135344
0.26730758,141.00636,0.6108595
0.513805,203.73863,0.8014699
0.5321707,141.08246,0.64920574
0.6740206,195.31468,0.8059026
0.5240863,218.53766,0.6059279
0.07890031,61.05972,0.9236983
0.09573126,220.93182,0.54615825
0.73672974,105.85963,0.7314979
0.20415393,55.95107,0.7810432
0.8691747,218.8554,0.97444296
0.5778989,161.16762,0.99226403
0.7393716,214.67471,0.53230965
0.08977577,215.72919,0.65995425
0.6561997,175.5556,0.840631
0.17169374,191.32507,0.88735
0.30314624,195.35083,0.7972348
0.5766187,223.77798,0.71493465
0.68312365,209.42557,0.8021623
0.5634986,141.57707,0.5416475
0.14664519,181.64502,0.73158056
0.42078295,103.265305,0.5298151
0.67521715,202.88791,0.66794896
0.52883565,172.95718,0.9067526
0.61812544,52.112255,0.93141913
0.31490266,73.136406,0.73519915
0.14543036,40.664562,0.77089065
0.65827096,143.14703,0.9568801
0.58208454,206.99295,0.75411844
0.80932385,119.93424,0.83226883
0.007401645,63.372368,0.9342284
0.707035,170.52835,0.95102346
0.5245304,188.4388,0.55940443
0.5879659,145.1431,0.7089851
0.4914266,117.72457,0.93431234
0.7827208,162.53995,0.6254357
0.34452033,155.7494,0.63679266
0.46666813,178.05626,0.52820694
0.34341428,150.63347,0.5360826
0.6444015,153.55057,0.7310906
0.51745623,123.7329,0.6463434
0.9593085,111.13393,0.6980554
0.70897967,180.95732,0.75347054
0.8964062,72.95398,0.8137174
0.7798955,208.9764,0.6475779
0.7095324,180.51768,0.6164746
0.46139517,218.8057,0.62193096
0.1979914,99.98233,0.58361554
0.12650621,200.01051,0.8906856
0.733933,199.52513,0.8047063
0.34329748,116.566444,0.8865013
0.20814517,207.00185,0.7892008
0.44215408,182.33847,0.9873565
0.2896887,75.0967,0.9680363
0.6980352,216.79616,0.80844426
0.3583213,217.94781,0.62793297
0.41255432,147.05324,0.5870813
0.5456889,101.31111,0.55074346
0.82507265,221.7612,0.6311575
0.8399665,214.6561,0.66566896
0.54981995,136.81607,0.92993283
0.8455981,193.2085,0.8456161
0.13623527,224.94098,0.5067932
0.43931803,100.9893,0.8288404
0.66437745,220.97282,0.7833604
0.83449864,95.71122,0.5698674
0.65793514,232.4047,0.94910455
0.6745179,232.74632,0.8189875
0.09338406,61.278095,0.8447012
0.07810989,162.57858,0.73117274
0.41376272,92.86687,0.7829485
0.708713,63.405735,0.6603816
0.43048388,195.08904,0.80818266
0.027626365,152.28807,0.54081434
0.6679324,173.38074,0.6453982
0.87496567,73.2285,0.67045784
0.6770947,197.1001,0.90086067
0.5618727,189.6113,0.657799
0.7334366,161.39151,0.9400388
0.6773217,169.27846,0.8873917
0.16776747,170.4573,0.5701098
0.044234008,97.39198,0.6451721
0.20233276,179.9319,0.9730338
0.1386736,37.47947,0.8643954
0.5478028,153.36835,0.9918884
0.5807193,28.18606,0.68631727
0.8995144,151.32181,0.94295037
0.8854413,193.02109,0.792969
0.041173607,71.01876,0.7394909
0.7307177,175.86026,0.54452616
0.37004915,121.89469,0.66786253
0.37116826,30.763264,0.64924365
0.67401487,184.46143,0.96039337
0.5546819,33.839394,0.74421674
0.43841237,29.156002,0.8467913
0.71332216,225.74294,0.61508614
0.5494287,182.35753,0.84936166
0.020066947,57.16921,0.93534136
0.24362555,41.181118,0.5798107
0.17207348,215.51462,0.92366374
0.8880787,178.04599,0.9830278
0.5509991,73.72796,0.6054983
0.16173518,80.85473,0.9601723
0.48033014,103.09999,0.97087723
0.5969522,184.45862,0.5498368
0.7528083,209.41988,0.51844317
0.46312687,41.081303,0.8993828
0.38503852,205.8984,0.80587435
0.34069157,73.19224,0.8645285
0.23626125,117.47188,0.7962302
0.4414129,154.62733,0.7595409
0.48552382,28.04919,0.77127945
0.17577499,158.14868,0.58483076
0.9000331,74.349525,0.7665389
0.12471709,185.50331,0.6759164
0.8311731,67.75499,0.9762968
0.89506394,204.68834,0.594305
0.66380847,125.60333,0.8827015
0.78852904,110.03735,0.64326346
0.7654934,107.54419,0.62285405
0.693729,78.715965,0.5607529
0.864866,212.0939,0.5666869
0.5664431,120.17028,0.800014
0.9223826,156.35736,0.7871572
0.30655593,236.76625,0.5028239
0.667112,176.43735,0.7673718
0.71910334,161.38394,0.7303935
0.06037706,64.49942,0.73064435
0.67548144,229.31293,0.5016574
0.5369839,114.66061,0.5987835
0.111698925,214.69283,0.7775508
0.1696299,229.9694,0.5687509
0.13804036,217.94995,0.7655828
0.28771442,162.42067,0.90490645
0.83559126,91.20789,0.5610538
0.34144056,139.53922,0.9647522
0.8672106,182.64003,0.7833525
0.9667654,41.423767,0.65415853
0.2808285,216.77187,0.7702203
0.5093791,168.46626,0.9719774
0.5806845,184.27632,0.8650573
0.9240685,59.198666,0.52496827
0.77908313,148.14537,0.5683317
0.23473248,79.718864,0.7174396
0.6332983,161.97984,0.872789
0.1552715,130.14113,0.60531664
0.41183013,105.24945,0.8261794
0.4996728,35.705513,0.9829804
0.7885607,167.16469,0.9957224
0.17444062,39.068974,0.57989776
0.5744992,153.9909,0.88682663
0.8381923,162.26593,0.9042263
0.66802883,209.65752,0.6852945
0.41631472,153.29768,0.7532599
0.29257926,191.91444,0.7792361
0.8982205,75.29708,0.51808
0.38931233,96.77268,0.8186686
0.1409668,43.82723,0.92203915
0.42380157,84.93832,0.77362895
0.023954064,114.63819,0.9704181
0.4162232,229.83818,0.53631437
0.44557613,161.90257,0.9057131
0.62493354,137.94247,0.94028115
0.6105031,199.50726,0.6245632
0.863899,204.67537,0.8933221
0.6105745,214.72768,0.6477108
0.36737698,33.788986,0.85081697
0.6637709,143.78067,0.80486196
0.7277501,161.26099,0.5493475
0.72369677,151.74152,0.71929157
0.30863863,27.139967,0.55852515
0.8191088,72.562904,0.6379131
0.21245125,80.20597,0.94071496
0.7388255,231.82945,0.7442786
0.66453356,154.43723,0.8244909
0.04639992,146.05592,0.81978536
0.123844355,239.41132,0.92224944
0.49899435,82.36293,0.87909484
0.51245004,47.894485,0.59922516
0.73372024,156.52888,0.5286228
0.5829611,173.24059,0.7791256
0.22357532,129.38806,0.88119876
0.37784514,215.08997,0.83233917
0.17582577,84.956474,0.5595977
0.075585485,47.659817,0.9157275
0.45133778,101.04092,0.7578264
0.90105927,196.33092,0.7278801
0.9545249,50.037262,0.77524024
0.35229367,62.016357,0.8315325
0.3727435,184.56358,0.84138334
0.6830666,207.17372,0.5446749
0.7834536,165.36893,0.84716356
0.42378297,77.64504,0.72802514
0.8791025,206.19072,0.7686591
0.080610454,143.7562,0.90329874
0.60059005,33.938824,0.9781121
0.83089256,83.155464,0.6171163
0.79945135,199.48749,0.6912541
0.38241786,187.44913,0.851416
0.52626914,192.8789,0.8960426
0.70734674,93.5394,0.6961028
0.9191427,46.840103,0.58161753
0.469487,110.40662,0.8123975
0.06710836,226.32547,0.90703416
0.21480006,76.000404,0.645263
0.6473348,171.59496,0.55977976
0.23271856,221.46245,0.5981266
0.8567318,219.9959,0.89949214
0.21787664,208.59714,0.8287258
0.109778196,227.41475,0.99488676
0.04452604,63.575012,0.92919266
0.5106833,129.96014,0.9815594
0.099490345,175.82751,0.71891963
0.74266195,109.9271,0.5472854
0.72443724,193.22792,0.8677206
0.7905536,160.53323,0.8893267
0.0008510053,211.06409,0.9159709
0.3228426,172.30469,0.5214651
0.5777209,210.5729,0.53372794
0.68854165,144.9675,0.64951265
0.33245242,93.76277,0.9380163
0.66465557,38.685333,0.88980925
0.8285494,184.84961,0.56588435
0.1426298,85.74896,0.83734715
0.27844647,58.355583,0.74728346
0.5259853,161.68,0.8048302
0.21913409,216.19281,0.96638787
0.22529083,163.08438,0.5562282
0.45461795,88.38431,0.9738951
0.54632795,195.49835,0.87089145
0.70994014,210.81984,0.6364211
0.269799,211.06401,0.5372911
0.77400684,157.11346,0.6952628
0.5202695,209.39389,0.9579892
0.6399326,159.0478,0.51990724
0.68427426,44.636703,0.7035928
0.3360365,215.13939,0.63441634
-0.011071205,75.0864,0.86028874
0.8592311,41.325775,0.51350796
0.34172398,185.1934,0.6201907
0.5378423,136.95511,0.6072226
0.7732028,141.96652,0.52018183
0.7727016,154.57892,0.8822325
0.8223027,64.34157,0.6591659
0.6085448,190.46864,0.92121106
0.7056547,122.4103,0.99584407
0.9561357,51.789516,0.5246812
0.4675347,230.0535,0.52471197
0.6437693,171.00125,0.83382833
0.7913829,212.1704,0.8045101
0.50786513,41.71445,0.8059276
0.5956049,74.80407,0.57645035
0.42312124,151.49681,0.5574212
0.46098924,192.99951,0.900285
0.5771093,215.9898,0.87980974
0.65401167,222.86629,0.6307952
0.43192548,125.20983,0.77075213
0.52861685,175.39925,0.5157821
0.5966458,165.20822,0.87928206
0.47190392,49.449883,0.676075
0.86435795,94.88828,0.71477014
0.30947435,55.99545,0.97993577
0.51892895,85.81622,0.87049
0.2335402,129.53577,0.7412499
0.055755973,81.60184,0.5267179
0.049174845,241.71292,0.5318292
0.052414745,208.3796,0.7329668
0.20913666,59.075924,0.64159834
0.32495692,132.63556,0.71260184
0.80884826,46.644157,0.5975314
0.29755992,146.31526,0.5226608
0.3397954,207.20027,0.7151283
0.6460842,162.75812,0.8821515
0.36470777,107.93135,0.7436355
0.5935622,204.58064,0.57478994
0.68431795,145.52513,0.8583574
0.38352722,191.5962,0.56376576
0.47051534,176.35985,0.90717566
0.6256376,210.79018,0.7642569
0.93969953,143.6821,0.8512774
0.43634158,67.518005,0.60994315
0.46395722,185.49452,0.6448551
0.772074,154.17458,0.8890597
0.8277465,194.26161,0.5454521
0.4862668,175.05232,0.9464141
0.67263514,221.25793,0.6677192
0.30435,120.52282,0.66278124
0.783582,163.20518,0.8954271
0.6454365,202.40459,0.60665405
0.087280184,82.463905,0.6165754
0.11961189,224.57314,0.69680166
0.23067844,176.46794,0.90533
0.88210166,206.4386,0.62201065
0.8352283,158.73055,0.69159967
0.74466664,38.20657,0.9043386
0.37730476,213.44609,0.7395015
0.17601734,220.97318,0.894554
0.69513655,151.40112,0.8184191
0.42269784,179.22205,0.7826886
0.58376825,74.24925,0.8028821
0.05873081,152.33069,0.96991307
0.8239753,105.70947,0.60847235
0.47084534,72.93281,0.9124265
0.736697,191.74518,0.74753785
0.726367,165.87015,0.66357404
0.21442655,142.40608,0.95065
0.41145486,153.46037,0.8871411
0.7225011,187.92354,0.6988636
0.32416815,183.7769,0.9085913
0.7880426,134.88676,0.78609
0.7574979,147.24777,0.9063299
0.15423879,157.05011,0.7321595
0.3541994,88.78787,0.8503041
0.5064102,185.82607,0.7755838
0.9304627,135.20877,0.9547776
0.18539491,230.86343,0.59385234
0.3138687,201.5202,0.91269636
0.0399068,64.13988,0.8758918
0.3209715,109.54566,0.5221037
0.5877759,147.7279,0.9375193
0.007539034,28.44621,0.6357089
0.4598988,187.40952,0.8509759
0.5673379,96.67592,0.5730461
0.82478434,191.12993,0.9410456
0.35061082,62.467422,0.5831892
0.48976898,153.74463,0.8367887
0.7126685,193.5035,0.67119896
0.91355044,61.2538,0.8378048
0.70623064,212.50761,0.662496
0.6021561,202.92593,0.5793416
0.2203421,42.182713,0.6363333
0.60600793,128.84988,0.9290416
0.7869445,227.66504,0.55026263
0.76236224,161.41762,0.54450506
0.34743088,215.30817,0.63289607
0.59701884,181.97485,0.63777196
0.5229403,133.32431,0.92129266
0.25319034,185.59338,0.9782837
0.6901362,46.48765,0.6507859
0.62670535,196.1194,0.96357906
0.34556097,225.57886,0.5107545
0.17473647,109.76916,0.8231395
0.84517145,227.89763,0.51908416
0.28877723,153.8344,0.8597575
0.48069414,189.31195,0.6604717
0.79829276,126.84998,0.5129953
0.34591088,180.01479,0.8928865
0.50664294,224.54083,0.53780967
0.70610285,217.51434,0.5076283
0.7768426,162.8226,0.81270367
0.63826144,109.28252,0.90095806
0.76641214,166.3077,0.7513546
0.87081707,51.584915,0.86774874
0.35205108,185.7349,0.5291749
0.8398736,227.28822,0.6987754
0.05465573,23.229359,0.9225018
0.37505296,193.11366,0.9766377
0.7685369,177.30437,0.87531435
0.2881195,114.22301,0.85299623
0.622112,206.12337,0.52396137
0.09523618,61.338406,0.51998484
0.48625925,170.7098,0.9830405
0.48088405,57.755085,0.8219228
0.3264861,126.86183,0.9118941
0.7569735,197.53032,0.5500356
0.6160884,197.99474,0.9728204
0.58587706,109.572395,0.6990874
0.13085434,51.581707,0.8377743
0.5336903,222.58151,0.5831247
0.8314661,206.0056,0.58882225
0.074751854,97.98383,0.5492542
0.40899572,29.470814,0.5257726
0.43561476,135.84976,0.8073896
0.3356369,127.19553,0.89656097
0.54805815,60.777527,0.8878807
0.3295874,41.751804,0.87424314
0.5937347,224.49348,0.60819376
0.81256795,109.211815,0.6890566
0.43143615,196.75578,0.90578854
0.24146777,150.80017,0.82710505
0.4567044,138.00064,0.84311414
0.1979185,120.73969,0.8504082
0.11668882,63.208435,0.8737245
0.51129,90.22057,0.8034101
0.62047935,205.81789,0.97144425
0.21737677,151.0129,0.9465921
0.09058285,221.95348,0.97733545
0.2994935,116.91323,0.7188877
0.77598614,181.3833,0.92853457
0.8611743,81.630875,0.6028789
0.9121429,53.67968,0.6189183
0.43374848,48.89039,0.9478614
0.10614613,89.70859,0.516512
0.6715111,205.5378,0.6901628
0.43864542,75.42142,0.958184
0.87569374,213.58446,0.6233518
0.04793459,155.65459,0.6219756
0.42156336,48.54056,0.6862834
0.49716735,176.43213,0.79377055
0.7000655,190.49844,0.9845667
0.8479421,177.89378,0.9357878
0.83237314,196.859,0.59395975
0.14418057,168.85182,0.6097933
-0.034121156,164.26233,0.7549776
0.7960783,215.40793,0.51095057
0.24833989,190.92201,0.632812
0.808937,191.30617,0.82702214
0.16200656,212.51791,0.6770125
0.4847811,203.12007,0.5039915
0.48363763,56.7761,0.8800677
0.50845563,169.99307,0.8335956
0.4104476,86.109245,0.70300156
0.50728834,107.31358,0.6627114
0.854614,201.35292,0.69571084
0.5015499,183.846,0.97339785
0.55386144,107.542076,0.5331612
0.2096191,134.28226,0.7855482
0.44562647,91.325554,0.907933
0.68254113,116.59283,0.8145064
0.8893791,191.11461,0.7466808
0.26580387,133.68494,0.52265674
0.54571575,37.762913,0.51729274
0.80014443,142.7176,0.8597474
0.3686201,93.77415,0.9816792
0.40511388,210.74934,0.8375088
0.6412757,153.15399,0.7514249
0.91535497,64.65741,0.6223525
0.58256274,95.3052,0.75903773
0.6759674,225.56654,0.873911
-0.012441933,77.978905,0.796865
0.73993164,102.510345,0.6311303
0.90869176,72.37612,0.68499446
0.48609602,193.26427,0.6347399
0.73088455,191.2245,0.56991875
0.37611204,168.37738,0.922531
0.286173,191.5643,0.7636629
0.43336326,190.76752,0.6623542
0.03862363,165.26974,0.902085
0.5925815,225.7442,0.90261114
0.49009877,107.034645,0.9744655
0.87935555,166.6267,0.89100975
0.2895342,99.47947,0.70312405
0.7324581,141.5641,0.8279988
0.5402025,182.81755,0.5589676
0.2699585,201.34593,0.912457
0.83439654,121.10838,0.60040873
0.46013886,124.48368,0.52887464
0.6391835,207.08182,0.6947777
0.38327262,74.173874,0.98592114
0.51881725,197.55542,0.7486064
0.61396885,84.181786,0.9172412
0.32057536,211.38927,0.61134243
0.0013044775,23.45487,0.69685733
0.47557038,135.04509,0.7805317
0.25158477,30.493916,0.5622912
0.5112802,35.828167,0.7803846
0.75007117,179.563,0.7685784
0.79165375,180.7202,0.56613755
0.69999945,21.672638,0.98318505
0.94222796,167.44359,0.9692967
0.0898605,69.11683,0.82057136
0.15303698,92.191895,0.8088064
0.84743893,68.25509,0.6769887
0.44270572,77.637695,0.8367811
0.50073963,84.07125,0.9468837
0.36780512,85.1351,0.8745017
0.048045337,81.22159,0.95305717
0.41062748,119.72655,0.7525031
0.11186272,54.43008,0.8479315
0.2253348,50.401432,0.7455445
0.18149668,207.68834,0.5659902
0.6641957,177.91852,0.8176533
0.13497755,200.8652,0.7386755
0.80310595,152.3012,0.78405046
0.5247142,127.753426,0.647805
0.6594809,148.16656,0.7494494
0.6329338,192.48798,0.88405025
0.5162857,172.54315,0.5805662
0.72152686,81.04915,0.95262873
0.79282045,40.029858,0.7972994
0.8781721,98.91737,0.8885725
0.25102484,149.4875,0.9299196
0.5480814,160.6795,0.51589525
0.020642161,33.336754,0.6679412
0.2768237,45.52984,0.6108612
0.4293515,158.54613,0.84937334
0.19071594,192.60228,0.82155114
0.86681396,27.2264,0.71777844
0.35565525,52.823566,0.6625251
0.69214696,36.551357,0.9227953
0.35643676,139.07623,0.93808204
0.88853,199.31348,0.92909026
0.51306087,192.82677,0.6348901
0.5257207,32.703804,0.89807737
0.84630847,144.95233,0.8554646
0.07429859,74.39504,0.7432991
0.08439538,94.50336,0.59119433
0.48584872,200.13396,0.8004918
0.80998635,97.88137,0.71896917
0.52421093,51.150944,0.53245836
0.17889777,185.61473,0.68218756
0.4398778,126.32525,0.7272517
0.07384735,129.28642,0.57116324
0.19144607,139.38963,0.8264526
0.6893776,134.034,0.9363153
0.36334988,147.73865,0.8692354
0.51831585,189.0468,0.8237722
0.4217604,152.0208,0.56468654
0.18180284,34.320885,0.66962177
0.3875833,95.94922,0.5507705
0.76958025,211.77678,0.71725696
0.3724841,97.50185,0.70682734
0.5382181,230.04051,0.51050687
0.53433114,65.22208,0.72558314
0.22763962,193.1507,0.6309954
0.8784185,82.36532,0.5182491
0.47035012,34.585342,0.8069006
0.6928599,91.773674,0.6827626
0.13723928,123.098785,0.9034722
0.24258459,31.38336,0.63036406
0.37097973,103.10972,0.50922465
0.21261644,39.014072,0.79640114
0.9213221,169.35115,0.5561647
0.43800274,72.92745,0.7924014
0.51903546,161.83894,0.7857093
0.48272523,137.4856,0.9030347
0.076168925,50.09796,0.73729956
0.504464,188.41397,0.6076507
0.12752226,176.97096,0.87639284
0.5824684,182.46144,0.6149733
0.48886728,121.63218,0.93759847
0.87373626,115.37878,0.91092485
0.7193052,111.42148,0.7098645
0.94167733,143.64696,0.72816133
0.8777548,169.29675,0.9062314
0.5590311,198.9207,0.58886915
0.9110633,190.32866,0.9236084
0.67935866,43.10808,0.64413416
0.67307985,202.09435,0.87474155
0.70264566,158.72104,0.7300216
0.7575891,195.65282,0.5082008
0.46352425,129.95868,0.82941854
0.5364193,187.80872,0.89788145
0.5683215,151.58546,0.93841875
0.0062821507,91.508385,0.92335427
0.32753262,90.80186,0.5403337
0.34622794,60.569756,0.8135198
0.24708918,94.321335,0.712909
0.64333874,147.02649,0.685268
0.9877578,157.01181,0.9939065
0.38646176,148.0941,0.83948135
0.87667334,76.27011,0.6772624
0.25118402,78.98197,0.6312842
0.29632002,53.644646,0.7826587
0.37333387,42.606514,0.54239696
0.63903993,35.853577,0.8475294
0.76579523,26.768269,0.97914994
0.72738457,137.16614,0.72530586
0.8457267,200.01262,0.8250683
0.9439496,180.23547,0.9108473
0.2829045,64.6232,0.54929984
0.24949816,52.77951,0.6673355
0.602392,106.67804,0.80091274
0.63244593,155.68982,0.53148293
0.5074683,178.78465,0.9033587
0.06960595,48.29268,0.8215438
0.2044945,197.37555,0.80391
0.79251933,155.60786,0.7316372
0.70219886,185.2021,0.54748255
0.48536098,196.92004,0.6576854
0.7068797,150.00468,0.971908
0.45857686,116.95235,0.6092832
0.2572733,138.31529,0.83848786
0.70008796,104.89222,0.5395027
0.8267819,166.32344,0.7725458
0.5659611,117.35888,0.98879087
0.56806266,148.3835,0.91600275
0.57543117,189.74725,0.7826486
0.030689418,55.21652,0.6085669
0.1663009,39.55269,0.52525026
0.73464763,75.24483,0.5763867
0.5082176,156.28499,0.9442395
0.83564365,184.574,0.87532413
0.8959855,111.87934,0.6969336
0.6559949,101.80582,0.92553806
0.41235626,180.22815,0.6890049
0.73159707,35.541855,0.8040265
0.78762424,107.71087,0.55316246
0.39773795,176.54172,0.77794623
0.5502897,50.76626,0.93763256
0.34404305,188.19885,0.7636595
0.7225395,160.3029,0.8612355
0.42026472,167.7779,0.8247855
0.6805745,188.54633,0.81455755
0.6880206,55.131847,0.5996767
0.38441578,106.457855,0.8683916
0.022286236,53.43986,0.71542335
-0.021295667,169.00487,0.6683837
0.56414753,223.93163,0.779559
-0.031124294,37.458023,0.730797
0.81161094,117.664276,0.9369917
0.62167317,221.67151,0.5743803
0.7726352,222.29657,0.5435904
0.25783038,203.581,0.88293576
0.5754467,192.1933,0.80807006
0.85267127,137.0343,0.9714966
0.16428265,208.5291,0.9170873
0.29001212,58.958164,0.94906664
0.27637696,125.35822,0.6584094
0.3753853,67.29306,0.52504414
0.39260897,188.12239,0.6245304
0.8233439,81.052124,0.7075523
0.45308864,180.89633,0.9703922
0.7984419,148.63579,0.9166324
0.5103885,106.21333,0.6917231
0.3714015,47.402622,0.7651483
0.1268253,130.18456,0.8223493
0.4690597,186.33846,0.89867556
0.41508603,45.500366,0.60259664
0.19641867,199.78651,0.9540653
0.56287616,202.62724,0.7126341
0.7197026,197.60254,0.6236668
-0.01223141,110.2599,0.99148804
0.6337337,139.13913,0.6482
0.58091545,160.16556,0.53500056
0.45718917,186.5189,0.61858934
0.43306628,83.65634,0.51793444
0.41716084,73.16487,0.922817
0.48104495,158.4552,0.8449193
0.3309899,142.65172,0.9898418
0.19899997,99.83183,0.9216717
0.51911867,194.87407,0.668244
0.26548365,218.34338,0.75926286
0.13861778,216.12108,0.7207005
0.40474346,164.90889,0.7934748
0.47502777,147.15984,0.8237132
0.75255805,208.53206,0.92048824
0.4987138,136.72888,0.989768
0.7812613,67.97025,0.79596746
0.07480821,58.284695,0.820186
0.5655806,190.19026,0.79754055
0.6399429,197.1327,0.81255937
0.88058466,107.395096,0.8105624
0.9107704,87.691414,0.5513346
0.26868355,191.78474,0.52391434
0.30820957,189.3514,0.8553319
0.12682563,133.41426,0.56579524
0.3159678,65.70149,0.92340946
0.31087115,76.23242,0.66566056
0.068110555,53.159477,0.9078181
0.24445221,180.52846,0.6184713
0.57021636,197.63905,0.8558294
0.57719636,87.24908,0.8039292
0.6189052,182.54973,0.51272136
0.43166822,120.32788,0.5711622
0.61864966,158.56935,0.99410045
0.87828743,169.12279,0.7244523
0.25950414,196.71284,0.93701637
0.7849615,135.52423,0.81201607
0.5488219,166.55215,0.8279383
0.010304898,58.175213,0.8467413
0.30824116,130.18913,0.6584505
0.07440534,38.686382,0.5540059
0.44701436,155.18486,0.83091664
0.5036981,204.26945,0.78108734
0.87456167,129.79243,0.57346207
0.55202407,150.04543,0.916742
0.60450387,118.32434,0.50793
0.25020775,83.32855,0.6034543
0.18947211,138.32016,0.50722826
0.6727255,76.033104,0.55657965
0.84590614,162.13255,0.941068
0.53122973,163.1903,0.6073642
0.8238512,154.62064,0.575785
0.9156497,118.89479,0.79603744
0.026892781,100.4063,0.8091518
-0.010529041,185.43692,0.8413583
0.29382396,210.19484,0.5866655
0.7544106,133.14685,0.9322773
0.22654358,172.90875,0.72789776
0.3900165,194.80595,0.5504096
0.73689,127.3219,0.9536824
0.563941,210.15555,0.74992
0.026208103,120.099396,0.9989389
0.6900858,191.60283,0.5057057
0.736374,215.37883,0.79995227
0.49717963,221.6897,0.639699
0.14806122,69.99647,0.7296057
0.10363346,164.01764,0.9569403
0.68126935,203.558,0.67325705
0.14131242,225.24612,0.7207998
0.38342863,112.39417,0.8383399
0.1360251,47.15077,0.9293393
0.1707575,54.00021,0.85236
0.57562286,165.58662,0.81173766
0.4252041,226.24438,0.5526821
0.7223725,190.00566,0.8240895
0.94742745,195.72563,0.929492
0.557584,223.5441,0.50608623
0.6954837,46.092945,0.6842981
0.5021742,118.365486,0.82166064
0.52638143,86.464485,0.7446907
0.7796928,173.95705,0.67381066
0.49615067,88.1204,0.6811719
0.5056599,73.34805,0.74633914
0.91888005,193.68062,0.643063
0.82060564,37.67142,0.5790984
0.22451028,44.6336,0.8754058
0.864685,155.82423,0.82415503
0.6781754,193.07855,0.56763065
0.5256303,199.8215,0.5191809
0.83112264,65.203674,0.5323085
0.32432765,28.719858,0.7513183
0.46954197,81.633125,0.54578537
0.7328619,163.97748,0.9833208
0.17869613,88.10385,0.52508754
0.9391018,212.33887,0.7127659
0.7903575,118.16765,0.8863567
0.68106073,197.22804,0.7607963
0.78709376,218.17798,0.723623
0.6581161,219.59303,0.8778754
0.82662475,196.66626,0.7710511
0.029914975,97.00914,0.81271887
0.3141836,46.5574,0.9370656
0.8196702,222.26538,0.5718369
0.37664706,28.6007,0.74937963
0.05859101,56.22789,0.70785296
0.37062615,200.65617,0.8789682
0.13156322,189.42783,0.87611735
0.040820718,37.732456,0.8864298
0.5225143,95.79674,0.68311024
0.2589084,117.97032,0.6931255
0.4844936,61.826473,0.8927573
0.90064955,101.70294,0.7023327
0.54150605,215.2379,0.80674434
0.9398393,114.765205,0.8265718
0.47494346,84.610115,0.96239245
0.27374244,48.797565,0.8056221
0.3249951,171.57903,0.73178935
0.4232839,174.405,0.9834708
0.15455568,36.57663,0.6691025
0.13641545,149.98328,0.9828433
0.15514317,115.82212,0.5585475
0.28065017,171.71786,0.8117176
0.18099514,30.947725,0.89965713
0.04168141,31.33317,0.86932373
0.21497735,172.29102,0.5877188
0.11437261,198.50966,0.7345978
0.71325463,204.71092,0.5069521
0.3920802,198.69052,0.58944845
0.06521508,108.69025,0.9581673
0.23356697,193.44972,0.9235836
0.74472946,102.438866,0.575166
0.626451,87.492836,0.8906382
0.76237494,128.59166,0.75321877
0.28795454,126.724335,0.6578507
0.8729198,230.25482,0.59566486
0.09587619,232.3548,0.77271825
0.36137328,209.7387,0.91294086
0.61899567,41.532475,0.92546654
0.45227125,220.20824,0.77235377
-0.002303958,42.86731,0.5184136
0.03085187,106.64267,0.520888
0.33357856,186.04738,0.5943458
0.36770606,87.80028,0.8650094
0.1310848,96.23687,0.6793877
0.42231527,67.37826,0.8420825
0.81155086,169.8493,0.5365482
0.6689185,173.55887,0.54877245
0.354227,172.27977,0.8351091
0.8883023,230.84935,0.7250244
0.7370851,137.35558,0.9642241
0.30047584,39.02009,0.7217251
0.7998816,213.39743,0.61262685
0.5451485,46.169388,0.5851182
0.75554645,171.56998,0.66044486
0.21027392,202.7452,0.8006001
0.60780245,129.94128,0.5062816
0.7571715,143.46492,0.98023367
0.61699814,121.71233,0.5554887
0.88663745,65.18503,0.7177892
0.8143392,81.6369,0.98577935
0.2082108,90.677635,0.7631633
0.81275606,130.56134,0.7180358
0.4948908,150.77562,0.9703808
0.25851303,82.37893,0.9528729
0.1061112,210.12108,0.7364837
0.92005324,201.11345,0.684133
0.46666813,178.05626,0.52820694
0.46900502,216.93501,0.5286034
0.5932136,65.62435,0.91301167
0.31920576,88.28067,0.6559012
0.29721114,94.580055,0.9300431
0.9133228,104.878975,0.8360048
0.16076341,181.58467,0.842983
0.6773679,125.56628,0.7894299
0.35604125,61.789333,0.9120416
0.6713816,112.53199,0.9940899
0.7719839,92.48204,0.53805286
0.8842138,128.26395,0.6816732
0.010918111,68.23568,0.69899225
0.06931543,190.68556,0.9383799
0.20268583,66.94007,0.5144528
0.20063633,42.554966,0.7242149
0.45786294,82.10933,0.677824
0.33300894,158.18701,0.8939582
0.3719663,46.031174,0.6611341
0.6217337,85.293594,0.8986834
0.10316339,88.553154,0.6467855
0.71889186,184.01218,0.87662464
0.6799015,104.187355,0.7389163
0.4943744,76.602875,0.62567455
0.47322038,156.80705,0.9759344
0.049841583,74.28471,0.94374144
0.5493606,56.27214,0.9389443
0.9065605,166.57387,0.87089014
0.55693316,208.51888,0.6549676
0.42475682,81.50746,0.6823663
0.71997464,83.914246,0.5467577
0.8922174,220.39143,0.66085505
0.09211561,167.20552,0.7022678
0.7124044,191.64851,0.76743937
0.36847782,207.32355,0.6747216
0.5941958,195.28192,0.93007666
0.8210857,191.06786,0.8136495
0.7296546,93.36991,0.67282146
0.05739844,49.107346,0.6433238
0.033839285,209.24619,0.8072237
0.52314556,123.37744,0.91059685
0.6636703,141.28833,0.64231116
0.78019106,211.41824,0.5122397
0.2796327,123.09364,0.885919
0.67541957,177.98825,0.5624325
0.39435005,121.19359,0.869658
0.7667415,195.52124,0.6683641
0.2201131,63.216393,0.6877484
0.63647825,92.41572,0.6148499
0.17333102,48.638203,0.86387134
0.30200058,175.12305,0.973948
0.57595336,121.32605,0.5110812
0.39095032,195.3982,0.81851494
0.13404554,221.42453,0.80923355
0.8169548,82.63484,0.90842164
0.6795663,188.74594,0.9607903
0.0015802681,30.671207,0.59578556
0.8020301,216.22829,0.56593513
0.68459094,175.61797,0.687433
0.31253093,182.74414,0.6717063
0.44173518,207.65083,0.7626519
0.17451394,223.07175,0.68396
0.82051265,120.47811,0.8171394
0.6916424,213.25723,0.5640523
0.05365047,88.81625,0.7265104
0.13375327,171.26106,0.73947483
0.5949287,101.60936,0.72269803
0.6905076,39.006584,0.823166
0.8340672,199.2563,0.70030016
0.3806528,39.20181,0.8942642
0.50854516,76.86838,0.94035876
0.24065652,44.98485,0.56677455
0.19951186,151.26762,0.55089444
0.67239165,206.38089,0.87017983
0.50731754,90.82193,0.9557859
0.73622835,218.90898,0.5812862
0.1701642,126.199234,0.793949
0.28287315,57.044643,0.9694079
0.88208723,224.15285,0.5174349
0.66708505,46.57526,0.90759706
0.5379468,169.86386,0.66731167
0.49441984,52.179764,0.83850133
0.759272,209.50902,0.8277358
0.68639135,141.50797,0.9875418
0.5193522,44.54047,0.51446015
0.7458457,208.51521,0.7253727
0.68917936,202.72615,0.8799214
0.23636514,238.07683,0.738654
0.057290047,64.434296,0.7918006
0.49626905,201.81192,0.577292
-0.023144305,220.34633,0.97500986
0.5036619,160.70079,0.8686041
0.53872275,121.49282,0.5152271
0.29994586,74.519714,0.8069477
0.4400419,66.25621,0.775004
0.38920993,54.238537,0.6456715
0.79443145,167.22665,0.5970207
0.7171198,208.4577,0.8433269
0.3053073,73.77884,0.9056953
0.64767617,45.646626,0.52488947
0.7707192,208.80545,0.8042585
0.21560475,48.721565,0.64515734
0.80381745,70.248955,0.7888727
0.56704545,81.6748,0.5387587
0.10410303,88.75127,0.9258341
0.34518537,96.41756,0.87211406
0.3234247,135.00108,0.88210595
0.40718782,161.05103,0.89378524
0.62029946,224.58134,0.6162135
0.6643308,60.073708,0.7132361
0.5518735,175.04716,0.96474385
0.5479209,190.16624,0.6282522
0.4594962,209.93468,0.60770345
0.6213642,143.50299,0.6246438
0.46043265,74.44107,0.8998347
0.37410855,185.57433,0.9734387
0.666862,212.39018,0.8494657
0.78256506,162.06223,0.6308617
0.07929233,176.27019,0.8198339
0.30446768,187.0791,0.7950362
0.53559744,169.26927,0.5932513
0.36271444,101.0806,0.5304868
0.92021537,20.426687,0.5741482
0.5101453,107.942764,0.55541736
0.6154561,36.247185,0.83070385
0.59844446,157.26534,0.5520078
-0.021945119,211.60312,0.84359944
0.57145774,59.416767,0.88988376
0.38637298,150.20663,0.83980584
0.62038356,45.94249,0.96812177
0.044745654,31.030678,0.884429
0.57312727,29.067734,0.5944338
0.09355685,52.831867,0.9549631
0.6317375,209.12102,0.61256194
0.2537629,188.17738,0.9462937
0.28525817,52.596317,0.58518577
0.5172676,179.65695,0.56102294
0.2859326,112.083206,0.98338485
0.11343992,81.71078,0.66994774
0.08671579,157.25468,0.65736395
0.3424055,216.15013,0.51364547
0.098766506,151.91818,0.797089
0.19773933,135.03201,0.65255773
0.3103159,51.222637,0.8153228
0.6759784,204.37077,0.7535134
0.80059004,95.48946,0.56731474
0.7147507,196.88574,0.63922423
0.027614534,137.86569,0.84243166
0.29125026,162.28584,0.53827184
0.77442455,182.68808,0.77755654
0.48251092,198.3591,0.9501896
0.66395533,195.81035,0.8582581
0.7995039,142.35132,0.51197237
0.72039455,168.47751,0.93743896
0.7372208,184.55853,0.8833543
0.5637792,84.136475,0.721757
0.18061656,66.39411,0.9032708
0.2697662,165.60097,0.8454359
0.21082878,48.202938,0.91103566
0.58832186,64.4757,0.91845167
0.4497012,116.104614,0.7891841
0.47336352,86.35623,0.8503392
0.50177586,150.88295,0.68876475
0.8181489,39.913193,0.68799573
0.45086005,184.8355,0.90619147
0.4755879,85.12436,0.6004546
0.23328745,176.74158,0.61152107
0.77849376,38.939304,0.66507447
0.6121549,185.21959,0.9815546
0.54256177,166.62419,0.80341685
0.28385198,156.87064,0.5604481
0.056399316,64.68702,0.88794994
0.38825363,164.00517,0.92782557
0.3704154,37.720936,0.9379184
0.28248325,110.08985,0.7600045
0.30008373,205.07225,0.87192494
0.8215832,146.87494,0.5686859
0.30291134,199.95894,0.7728127
0.54712,139.01874,0.88417804
0.96162176,58.77348,0.5935537
0.4364329,161.06856,0.51459336
0.672844,160.65843,0.6481607
0.7274654,59.054653,0.51469594
0.3114102,107.99153,0.8907827
0.2956099,103.53731,0.69608617
0.626009,125.155304,0.7003499
0.1102964,206.6075,0.6063979
0.4300521,39.770077,0.8269934
0.1413301,74.53934,0.5321886
0.41722238,101.65437,0.8036318
0.95261204,137.13611,0.76691395
0.5552542,63.997326,0.9155941
0.6660288,202.10887,0.61184716
0.72553325,80.45807,0.8031579
0.5564908,110.55303,0.8200854
0.5784133,101.33759,0.9152686
0.83176994,185.693,0.81063056
0.53848577,226.00769,0.5085385
0.3499391,142.16966,0.8958515
0.8703184,110.35637,0.8940476
0.46924755,114.82092,0.59547144
0.90549743,168.31496,0.57818645
0.56540674,58.660263,0.71783745
0.99204075,28.091692,0.5240001
0.2508269,61.764908,0.5654374
0.39864904,169.6443,0.5013158
0.4505379,224.74635,0.5548869
0.65249884,215.49208,0.70274085
0.2816186,209.00702,0.53490216
0.68731743,134.13376,0.531407
0.17952228,181.43442,0.6931063
0.9740907,123.09714,0.87102306
0.663537,177.43391,0.8453059
0.53027385,214.21875,0.827216
0.8223799,122.110176,0.51777124
0.420054,167.45717,0.7986407
0.92619586,171.99263,0.87681174
0.16950777,74.80112,0.8523289
0.6014075,127.701035,0.89800155
0.08454567,190.51231,0.9108637
0.008327901,220.19746,0.7714226
0.8890853,207.48856,0.889557
0.5408311,90.24087,0.56313026
0.6148391,66.66571,0.6875038
0.52335745,74.074936,0.86958766
0.5759264,165.52649,0.7285397
0.37585625,44.541813,0.6359142
0.9430491,51.273186,0.6535017
0.53893435,173.99313,0.93805623
0.46973896,85.98277,0.9495033
0.46509695,171.28726,0.5621368
0.41631472,153.29768,0.7532599
0.5474214,116.35718,0.5460469
0.6117326,118.22073,0.70597816
0.21682638,201.50632,0.8911246
0.32886678,94.63986,0.57008266
0.8048452,197.54428,0.5161867
0.9169588,81.63583,0.7070545
0.20267206,165.6998,0.7341737
0.5610802,195.13646,0.788211
0.4109288,160.20078,0.607606
0.61117876,101.70787,0.64152217
0.19793913,58.86455,0.603412
0.6274712,109.27204,0.9297724
0.5202996,87.56873,0.8996472
0.020439774,48.319862,0.70826715
0.50363714,55.293453,0.78148866
0.69781905,144.70271,0.98749197
0.67286974,219.08098,0.6274023
0.31048393,161.43025,0.93501127
0.54579383,210.8988,0.7379699
0.8791915,72.26252,0.6596354
0.19548509,210.76976,0.61419594
0.77404743,153.50711,0.5517827
0.082901716,188.01025,0.7385178
0.7647308,170.345,0.6539772
0.5514718,121.521904,0.78748214
0.27777463,99.13217,0.6065307
0.2875769,161.7539,0.73685133
0.6300101,209.08913,0.8695649
0.2814471,143.87457,0.7641158
0.63815385,170.40686,0.5514432
0.1624383,133.10088,0.5831231
0.4291687,172.71532,0.8504956
0.63442194,149.98706,0.56616586
0.85169554,35.37586,0.56111836
0.79539204,198.7576,0.7423644
0.46986777,148.75378,0.8237682
0.6040106,91.36311,0.6024373
0.21512651,125.8554,0.82639456
0.9306357,199.2577,0.8707864
0.8036562,68.317604,0.51804924
0.70833397,177.6129,0.8622192
0.5496388,52.864906,0.53972554
0.43169487,56.26511,0.67757684
0.87104434,175.37038,0.7546867
0.8640804,138.99538,0.97607946
0.60455614,136.32663,0.68015254
0.700257,152.66884,0.5138378
0.30883133,139.43997,0.6568792
0.4925617,201.14436,0.68941635
0.37836793,171.32938,0.59060544
0.32022476,216.9984,0.7451917
0.43021005,44.223198,0.62836576
0.8732747,176.55525,0.6023212
0.77260303,220.62384,0.79549384
0.90867996,156.92447,0.9508847
0.1901722,209.29466,0.7416171
0.67382175,8.30224,0.90497005
0.6955279,214.62259,0.6056211
0.5842012,42.389236,0.8020679
0.3887773,104.33389,0.6386392
0.5557004,35.54167,0.9753816
0.94359064,66.867386,0.8917611
0.31630683,151.09572,0.9170188
0.23360157,220.93822,0.8719879
0.21345666,108.329475,0.5296907
0.19555372,199.81657,0.6840064
0.80259395,66.552414,0.65616924
0.7389178,104.36488,0.534568
0.426602,91.742226,0.87047064
0.30983266,145.44843,0.7712753
0.35007876,137.17732,0.7285506
0.67441756,124.132965,0.94129807
0.048920214,73.1986,0.5110916
0.8540698,169.90787,0.9603883
0.8877985,170.073,0.9619229
0.1057705,27.66704,0.60145444
0.7668726,152.72241,0.9482387
0.53253937,95.3053,0.9852037
0.09510344,205.99684,0.7215432
0.42567733,70.46901,0.969447
0.8950165,174.77591,0.5851751
0.8387764,187.80672,0.96583545
0.31021932,149.45161,0.6329685
0.4874577,127.97632,0.9188664
0.47556087,59.279373,0.8300464
0.44027877,111.71761,0.9513925
0.4490194,25.470833,0.7616644
0.29928833,99.01846,0.85014737
0.7580809,82.96645,0.5150478
0.38186038,190.25055,0.9480226
0.6419272,169.94934,0.799709
0.27637696,125.35822,0.6584094
0.45656696,35.023983,0.6991711
0.24288416,140.54478,0.71979266
0.554453,84.010735,0.990077
0.7139144,124.19293,0.8584171
0.2860294,29.262733,0.563991
0.028832108,37.814674,0.8164556
0.5623034,210.16263,0.5613206
0.43303296,168.95247,0.8097744
0.8590355,179.99199,0.91640544
0.8822707,215.9555,0.5759175
0.43510202,167.91164,0.7248649
0.6732404,27.714216,0.81571156
0.3685888,205.89005,0.54800993
0.7928144,200.17119,0.58707315
0.39765787,197.68982,0.7396489
0.23103848,121.276794,0.83131623
0.8757107,197.58293,0.81821597
0.6171735,177.06293,0.69856054
0.88580793,189.00482,0.9381353
0.60047805,148.3147,0.8971143
0.91464216,56.268368,0.7387412
0.35974985,64.13056,0.5947821
0.5010875,167.40701,0.97188306
0.8103475,59.093086,0.84951186
0.29121965,52.917316,0.82689357
0.8037312,70.19539,0.89167196
0.568616,170.36562,0.6979892
0.9647052,94.70333,0.83313596
0.33830225,162.16847,0.7733399
0.652231,198.07124,0.8009597
0.9344255,233.47937,0.9635086
0.3528239,170.10242,0.5530642
0.57730955,174.32994,0.9583757
0.41614872,114.943054,0.7458022
0.044421583,87.18273,0.7390151
0.2752772,212.47403,0.85333085
0.7201479,207.88089,0.90417945
0.5418839,188.35753,0.8621454
0.3339708,194.69696,0.8118173
0.41263855,30.341465,0.67245734
0.10546562,140.29851,0.6530462
0.18596607,196.25276,0.6841303
0.8191855,200.76363,0.70516753
0.87681675,119.03911,0.5132747
0.08184487,222.85814,0.8333937
0.4072281,124.63908,0.79993963
0.7853254,176.49774,0.85210824
0.05932209,78.71742,0.9329339
0.53890574,194.57343,0.5293684
0.60041636,146.64674,0.89141524
0.7392486,212.45357,0.64304733
0.84054995,79.44116,0.71453995
0.5297046,46.59548,0.95627403
0.7376027,180.00003,0.96165293
0.47094378,48.800365,0.8963705
0.7994159,160.26059,0.7207582
0.65309554,107.80522,0.63003
0.7255697,110.794945,0.7942406
0.036902905,191.1097,0.5022902
0.6087409,36.22349,0.8424697
0.22287667,97.09433,0.53416127
0.8219079,239.86258,0.754261
0.61625564,169.86089,0.6603258
0.29966784,178.16904,0.8071557
0.31452933,154.90018,0.5135783
0.61250925,217.74968,0.85992527
0.6491982,98.04585,0.88322806
0.45797855,191.17915,0.51738936
0.24125901,101.72806,0.9196694
0.17123029,157.42853,0.85435426
0.69074726,68.235016,0.704586
0.63653684,114.46427,0.6648359
0.6401271,63.64475,0.89150715
0.35163647,70.056786,0.68517745
0.36920118,221.47682,0.5114182
0.17890263,122.401085,0.81269336
0.4269091,76.46542,0.95732677
0.71790385,208.02695,0.53764033
0.8240401,169.96469,0.9924956
0.43552226,199.14052,0.63904285
0.9241417,177.19238,0.9097941
0.011690676,50.702995,0.9550843
0.22804123,43.388107,0.8764772
0.76854813,182.61055,0.7126086
0.2332798,78.99072,0.97806156
0.6967679,213.2061,0.7358093
0.71881515,46.889034,0.73341453
0.8938657,98.56513,0.6275919
0.5313422,180.51244,0.81453884
0.30209422,152.29283,0.5234899
0.73747635,146.747,0.9714947
0.3074733,205.36061,0.760533
0.7686779,226.54126,0.5342826
0.5448193,67.44334,0.9542825
0.08223319,86.20524,0.6495044
0.38075453,163.6824,0.5689228
0.38922083,122.23028,0.88915795
0.68783253,176.3361,0.5622944
0.37951967,126.63125,0.5984288
0.53404176,181.11438,0.88406
0.3986897,152.6319,0.9798415
0.4268918,44.57336,0.7083434
0.15500876,235.35214,0.7613312
0.3659016,143.45325,0.97827685
0.5316344,184.51073,0.6255294
0.43904904,112.09264,0.57171017
0.29344052,198.01361,0.86103344
0.11556062,192.88138,0.65155494
0.46953955,132.89618,0.83269477
0.3739626,168.72453,0.89802325
0.87232417,197.33145,0.523254
0.5653304,86.62794,0.7292595
0.45386082,220.65941,0.56856614
0.6031426,185.11835,0.7865757
0.37070984,124.17948,0.6392305
0.8314361,187.19975,0.55077475
0.6022611,76.92303,0.5148004
0.2742664,180.45866,0.656523
0.6027633,41.118694,0.9700931
0.55905277,151.5566,0.86755854
0.8981457,87.92057,0.5868398
0.45894492,199.76953,0.5682068
0.03977415,186.02202,0.7726954
0.67204416,197.4916,0.7708949
0.46057892,46.499718,0.52501875
0.88036436,33.13978,0.5367316
0.25490052,38.604275,0.54139185
0.08550385,134.74034,0.822289
0.9267571,35.881535,0.7020924
0.7025724,181.22467,0.6461172
0.44623283,132.65718,0.8836825
0.33922186,151.91388,0.8239509
0.5573349,91.86061,0.9140619
0.08178288,34.98406,0.8995628
0.16410765,73.95255,0.6783971
0.11050007,178.13509,0.67360306
0.4269473,177.59889,0.82027876
0.05731356,69.07145,0.60225725
0.19209507,203.36855,0.8519554
0.905968,233.43819,0.5804785
0.44555974,204.48428,0.52093744
0.7670136,187.82124,0.807875
0.63859755,154.94243,0.96532214
0.42628604,101.62462,0.5253982
0.69930243,26.302542,0.6681683
0.69523984,175.85832,0.7664938
0.83400285,182.07494,0.9718052
0.67049015,192.01399,0.8555634
0.80255795,151.19583,0.80629504
0.14648744,144.82732,0.6714081
0.2955634,147.7002,0.5633233
0.6010167,179.7558,0.6805092
0.4567001,180.36967,0.82157415
0.5661959,42.754147,0.69565195
0.33955464,119.623924,0.7917043
0.0040001273,44.3032,0.6923815
0.756804,212.98984,0.82825816
0.56294286,103.180626,0.6175909
0.6393722,87.0529,0.55865127
0.51564944,192.8994,0.8875188
0.28147328,222.91263,0.6653211
0.8439542,158.38045,0.8404754
0.8777519,102.475395,0.69257873
0.71768165,143.95293,0.5588331
0.2936167,164.50769,0.8724422
0.82522357,94.78344,0.6251873
0.265552,55.687775,0.6068072
0.17488855,68.94878,0.86959743
0.24678361,192.66902,0.70082295
0.059065193,68.16826,0.93781966
0.2901966,181.3946,0.84471864
0.8911761,175.61514,0.8588188
0.8521849,111.80292,0.8479526
0.79120314,202.0688,0.79109746
0.8420775,213.82375,0.82711726
0.101664186,144.5153,0.6199063
0.10629782,106.6885,0.96694624
0.33760136,70.21148,0.52004445
0.7613052,85.44142,0.6757586
0.28313437,118.20714,0.9594679
0.28747985,22.243908,0.788893
0.6419178,50.541473,0.72594917
0.7665972,127.35617,0.9559867
0.31839365,175.24394,0.9831618
0.6926156,212.47751,0.81941646
0.081250995,205.91058,0.7924834
0.08145055,236.63072,0.8805295
0.071842104,215.60805,0.6489169
0.2510891,199.15482,0.9706157
0.55910987,179.78618,0.57136726
0.32605562,166.09734,0.6905512
0.8890909,180.0371,0.9440454
0.60780996,158.1955,0.9164973
0.47025263,181.78085,0.62903845
0.7662507,212.74915,0.6725476
0.73880905,188.51459,0.6725567
0.7148503,98.01594,0.8920175
0.22607106,199.71454,0.835142
0.5507049,108.192474,0.93152726
0.010247529,134.90382,0.60574096
0.6622479,206.96182,0.87534535
0.5572526,189.06377,0.5208123
0.6963137,130.96594,0.598715
0.2604652,221.35808,0.9685921
0.20476478,204.50468,0.89515936
0.5530758,188.7383,0.60701984
0.36487758,162.35017,0.57283753
0.25406232,96.658455,0.5445526
0.32510203,215.28018,0.72464633
0.824641,44.6281,0.80637753
-0.025827348,126.62696,0.7054715
0.5792192,162.55072,0.7999979
0.7953042,189.03598,0.584376
0.16629243,134.50653,0.88262284
0.9557055,178.8385,0.89796245
0.8359586,57.262653,0.95359814
0.64950186,234.78418,0.6707101
0.8512348,200.88138,0.66148514
0.39570653,112.97999,0.5269001
0.14176127,88.49389,0.6527077
0.34307915,116.08288,0.8130883
0.28397632,218.91394,0.80833733
0.7716756,168.94981,0.8830861
0.4406053,129.36229,0.81928086
0.77909714,166.2315,0.8763697
0.46533775,191.80814,0.7081598
0.06873429,203.74344,0.79094064
0.6274712,109.27204,0.9297724
0.12700555,150.35176,0.6047662
0.47769257,196.16391,0.66408753
0.7586546,231.20049,0.5785688
0.42602158,58.10317,0.5519622
0.08028269,75.16223,0.9356998
0.53678083,199.22829,0.9043198
0.5132002,109.80116,0.51034766
0.6414965,200.85936,0.54228836
0.85374606,161.44283,0.9505527
0.3165419,168.4471,0.82781446
0.3216003,157.1541,0.9583307
0.38237655,197.95306,0.7983324
0.47786677,95.21148,0.6822327
0.052488267,61.95135,0.9690212
0.4575613,93.31831,0.94327044
0.747814,181.00531,0.98434675
0.9232895,161.16104,0.96998453
0.27391553,195.3152,0.97558534
0.5726364,211.93878,0.52442116
0.41744998,102.728645,0.97919905
0.5464186,80.40451,0.79489785
0.14263445,47.654842,0.7583179
0.34318236,138.70074,0.5530829
0.45576766,178.4804,0.72910976
0.4129124,198.75945,0.9369364
0.30242395,58.847996,0.86291265
0.9046005,170.79497,0.95514953
0.3964687,72.00155,0.8629353
0.75129014,200.18338,0.8939103
0.1191082,213.24236,0.73160255
0.49082607,90.26696,0.9958096
0.09525481,149.90619,0.51684886
0.60786366,172.13838,0.9396571
0.2575555,147.49199,0.8505719
0.3461786,89.102486,0.94241035
0.4578797,113.39252,0.75621164
0.5386585,191.50726,0.84947234
0.021984935,71.419815,0.83946127
0.3693174,108.764244,0.97501886
0.42482838,187.75528,0.57164955
0.66629016,187.95581,0.93405783
0.91265947,38.366024,0.7941121
0.8126953,191.35283,0.8936882
0.465475,143.67915,0.98602915
0.69624794,206.93268,0.8595224
0.4151563,87.56533,0.8460139
0.1899364,115.58667,0.5441105
0.599425,176.4626,0.8043672
0.16019416,49.170208,0.82535195
0.77196586,35.80355,0.877282
0.18701383,204.4694,0.7330338
0.52861226,185.22453,0.9801664
0.93863094,192.21278,0.92183113
0.8841324,24.47934,0.87187195
0.8369251,179.28238,0.93859243
0.30147713,117.09491,0.7686826
0.91439116,197.23537,0.9000195
0.2562285,184.79698,0.7939626
0.19916636,54.402832,0.5260469
0.42718428,226.31448,0.75074244
0.71154773,204.18936,0.6793196
0.8600188,187.6929,0.700955
0.7355949,121.940865,0.5809087
0.41595,42.179504,0.73006773
-0.0073835254,121.66533,0.6487253
0.0862703,89.10439,0.90586877
0.05144757,57.516926,0.8434823
0.28533953,65.04968,0.53635395
0.49635634,116.54115,0.56326807
0.83333313,165.81972,0.98873025
0.5916228,42.981747,0.9701768
0.24427587,147.88518,0.5586944
0.17885414,53.45609,0.9716711
0.5253065,152.16443,0.9870924
0.88066685,180.32318,0.7919553
0.30765107,93.01273,0.6237202
-0.0009938478,145.22235,0.7562734
0.7784627,175.85197,0.89454156
0.6446146,187.147,0.52668417
0.6073804,179.81595,0.94370496
0.50333816,165.20682,0.68686223
0.7981498,126.97361,0.9073218
0.46697044,87.54032,0.72880954
0.56302494,71.466125,0.5911978
0.2754737,65.339,0.5095838
0.3940147,89.917404,0.7403325
0.13474438,173.67136,0.8923261
0.42256773,54.348408,0.55482936
0.7447858,151.238,0.80630374
0.5866979,43.481735,0.5937231
0.6978606,133.08572,0.6990653
0.41896966,213.4149,0.7992907
0.482453,120.26809,0.98947495
0.24125901,101.72806,0.9196694
0.302982,191.54016,0.83124566
0.5414918,104.6451,0.69560146
0.55823463,176.14497,0.9463319
0.7289812,114.05832,0.68138325
0.5404867,194.2414,0.5909039
0.706882,151.35585,0.69754875
0.1846546,52.929726,0.95067006
0.7985829,162.34926,0.5147341
0.24453372,198.44925,0.5697925
0.79844403,30.77264,0.5452939
0.18320382,116.82193,0.64239806
0.3338036,27.628428,0.5777895
0.13376293,175.07248,0.7394381
0.72307575,128.23975,0.56314725
0.8705753,71.68676,0.8040899
0.07607958,107.12403,0.9485222
0.35820395,143.12964,0.7855176
0.6654049,186.67906,0.64313984
0.45829812,64.35956,0.5261342
0.32358396,226.68651,0.5754154
0.22346306,163.38667,0.51013863
0.7353041,29.574848,0.7802285
0.3957898,137.68443,0.78316295
0.3044953,162.83267,0.53036314
0.87802815,39.404774,0.8356892
0.48961002,93.62556,0.91637456
0.33425158,87.010666,0.9320936
0.5625993,68.03494,0.77666676
0.25500053,206.22995,0.7893588
0.03828731,200.05534,0.90647835
0.3969855,104.587364,0.72157145
0.78075635,197.19125,0.88038564
0.6355267,232.8696,0.72539127
0.81312203,204.76584,0.60269696
0.39433417,30.97567,0.5526422
0.6404339,76.41777,0.94282156
0.4414184,68.299675,0.585392
0.31814706,113.36568,0.7513026
0.17942446,190.33224,0.87207454
0.88187623,118.80955,0.8338655
0.11406943,151.31235,0.5317649
0.4254282,170.47084,0.57566386
0.5916881,211.93875,0.50951755
0.71268946,213.80896,0.61476046
0.6718899,137.60248,0.67840195
-0.014336109,143.78644,0.530132
0.7475959,75.44861,0.87476563
0.74433315,221.31096,0.5981284
0.36129147,39.23082,0.8557107
0.5972023,111.97837,0.5387388
0.89382887,99.915886,0.7606821
0.16288486,210.32008,0.99113446
0.3618826,216.4676,0.51041466
0.47549763,48.724186,0.7450903
0.6576673,174.59842,0.6776346
0.011989981,81.96128,0.5052645
0.3904933,166.84398,0.77354884
0.76252556,35.95878,0.59687304
0.15753973,236.57468,0.9820838
0.8043821,198.36064,0.92971957
0.83181506,207.26645,0.66466177
0.51213944,201.83507,0.5219029
0.65851325,196.0527,0.5857181
0.8060323,29.029797,0.67238504
0.77969897,55.23375,0.94033086
0.92945385,186.63359,0.76634574
0.2895359,217.11403,0.6939292
0.18869942,144.75217,0.8177173
0.04318154,165.33144,0.86911833
0.6549541,56.155575,0.9958265
0.8349552,144.11531,0.791389
0.23572442,98.59816,0.5872657
0.38012138,102.304214,0.64207304
0.5931055,199.67131,0.5681715
0.75712365,192.67992,0.6622566
0.14258283,128.13031,0.91536677
-0.0018873811,101.6135,0.5416965
0.06549978,76.29235,0.8561765
0.4191184,173.42908,0.91947764
0.25980544,189.12683,0.56719834
0.46958786,91.82441,0.5780965
0.77288723,129.50798,0.8431605
0.085794955,189.39713,0.6382837
0.680302,192.98465,0.64815027
0.13503861,43.653248,0.63779974
0.54366195,151.39653,0.80258685
0.7593429,162.16566,0.9937819
0.6408995,33.105824,0.8818815
0.8283179,171.76938,0.67240083
0.65778595,117.53085,0.83166707
0.8997407,144.44604,0.812608
0.066976726,54.392475,0.84124655
0.1533635,208.25801,0.9579963
0.79746366,192.88188,0.6499554
0.4191816,48.315086,0.77857065
0.12437552,192.82605,0.5559018
0.74488604,180.68098,0.57587844
0.41858435,112.64817,0.6095828
0.86074305,30.58627,0.7761626
0.721613,191.25166,0.75560904
0.34201348,209.33983,0.9304612
0.27176458,185.93848,0.8519935
0.39754227,198.10359,0.785659
0.5153598,33.732468,0.54283136
0.24363878,27.180256,0.7749491
0.64495575,183.14767,0.5716036
0.46656525,71.582596,0.96295846
0.33582848,209.82065,0.75066245
0.68088484,96.491554,0.7261725
0.88407195,169.62242,0.9418604
0.08159876,75.526215,0.5260353
0.8508732,149.22478,0.7935473
0.6301794,172.01451,0.97792697
0.73897815,191.59172,0.878295
0.45438242,54.522396,0.73417795
0.9858725,73.66823,0.83378613
0.64363277,230.61462,0.5564066
0.487612,25.596752,0.57258064
-0.00057941675,89.65911,0.9010011
0.3795725,181.40892,0.9858378
0.5651581,83.525566,0.8744545
0.3174274,164.59406,0.6539077
0.76364994,48.48224,0.59042835
0.8425107,64.04375,0.708337
0.65798557,173.93279,0.8102782
0.48807937,113.60839,0.58723724
0.34342235,172.16957,0.88331366
0.320242,202.10097,0.79828006
0.40406257,93.59873,0.7517245
0.5553496,49.05771,0.7030548
0.05739844,49.107346,0.6433238
0.44480798,183.49896,0.6117025
0.7358555,211.35043,0.7134752
0.41677645,199.61665,0.7124745
0.64046705,115.73737,0.5748687
0.73833954,147.47945,0.72347176
0.57307863,100.304886,0.5804472
0.9714989,43.53516,0.60989255
0.19122893,171.90056,0.56147206
0.67484957,201.94466,0.8917111
0.84949756,125.90446,0.9267769
0.18171796,102.136284,0.6736917
0.8634439,196.45447,0.9428705
0.58285236,184.10345,0.8501444
0.715221,181.18933,0.733215
0.744398,112.32173,0.9120457
0.45086446,155.22562,0.66766447
0.6385051,42.588696,0.9659127
0.13244525,56.241577,0.53053313
0.008828431,141.6044,0.7375771
0.78561383,191.06877,0.7214053
0.37703025,80.0361,0.94044566
0.6983105,136.523,0.5105092
0.6132851,218.5255,0.79973936
0.37287915,162.23698,0.5847891
0.19467866,35.935547,0.7295709
0.1120286,164.99272,0.6947844
0.5707568,111.59702,0.6412407
0.6171623,211.16432,0.651279
-0.0017734766,69.31264,0.86794305
0.21687001,85.95689,0.7218149
0.646699,44.559704,0.9515333
0.37833616,214.1099,0.50795853
0.9486011,170.31891,0.63493943
0.277283,138.5968,0.5718334
0.18110424,69.56446,0.5138358
0.19996005,161.82341,0.5146071
0.4577672,94.79338,0.86320686
0.7239439,185.56265,0.62850356
0.012120426,150.64372,0.9166368
0.36680737,139.5523,0.8802003
0.20471674,193.10129,0.92565644
0.4481932,180.69357,0.89795387
0.00537771,229.4008,0.9147681
0.038261235,29.952816,0.97058845
0.73722196,179.1849,0.97241914
0.8383709,210.19609,0.78870976
0.6943792,164.81178,0.5354704
0.92356014,143.22067,0.6715574
0.5384127,99.12315,0.681493
0.39155012,199.10437,0.8176773
0.33468795,124.49979,0.6001439
0.9051478,155.00949,0.63412327
0.94739246,41.8719,0.7884606
0.9049908,172.99373,0.83504117
0.35122964,81.94684,0.66979086
0.35378137,155.57214,0.52351075
0.7217628,53.93233,0.90124995
0.106336236,48.30951,0.9799731
0.91248137,157.08614,0.9947859
0.30813622,135.63318,0.78792715
0.13625342,173.01808,0.61893755
0.40048918,104.874504,0.8660526
0.13740665,228.87274,0.6569884
0.7897601,152.57658,0.50388986
0.48068652,218.4597,0.7831247
0.66421354,210.05736,0.69324136
0.8088803,179.59412,0.61414
0.112489164,184.03165,0.79153764
0.8414927,161.50963,0.91268176
0.5733608,42.83403,0.8407228
0.019243121,192.99773,0.7417767
0.8720835,157.02278,0.5376583
0.92499673,157.26595,0.9215478
0.73063874,46.60795,0.7655417
0.7691753,98.08957,0.70125246
0.5287728,171.05867,0.677868
0.03834009,84.85219,0.83468664
0.6189429,216.73633,0.83288205
0.11750552,118.99364,0.80917835
0.9059026,166.54733,0.5372821
0.17912802,218.43336,0.9011883
0.30607057,182.93652,0.9872134
0.2118468,28.753035,0.56428784
0.40590417,172.92813,0.9779042
0.52128434,86.55211,0.6074631
0.28457317,176.92113,0.8483064
0.85177344,203.5178,0.7644625
0.23015511,41.55055,0.98625845
0.90114796,130.69044,0.5661202
0.47838402,35.62536,0.83279073
-0.014160275,70.24265,0.8661188
0.58378404,45.5307,0.78267896
0.376479,85.454575,0.6758285
0.6750515,44.735058,0.9813591
0.26020372,91.325935,0.8275558
0.329939,215.88771,0.7178829
0.009914517,131.81458,0.9548599
0.6671443,177.10384,0.5031646
0.4875377,191.2524,0.56340134
0.4097293,220.52937,0.50821996
0.49865454,189.55782,0.77971864
0.21314907,179.14,0.9551932
0.48912823,125.188324,0.69644946
0.3000392,48.202873,0.57694054
0.0405021,62.261147,0.53317827
0.3049892,166.69475,0.5525321
0.35670665,210.58778,0.5345681
0.39203608,53.353935,0.6193406
0.87535906,154.0545,0.50369596
0.47845942,29.440329,0.62027246
0.5904413,127.71889,0.77549887
0.65259373,237.35449,0.81215453
0.5081828,143.49582,0.8360288
0.55448806,188.96745,0.87932247
0.3575223,203.6952,0.7057941
0.73276633,194.73714,0.74530786
0.5811702,213.22546,0.78653955
0.73186266,158.29573,0.7155026
0.132182,35.266365,0.9575108
0.24182427,29.88128,0.57705015
0.23324656,50.58974,0.91085446
0.4188046,34.040497,0.82211936
0.65228486,151.57947,0.7059362
0.6515384,210.04584,0.90886086
0.5335629,88.06609,0.52516747
0.50562394,56.71025,0.696702
0.1410467,124.73948,0.56472826
0.38085577,189.9323,0.82148194
0.5694982,171.3907,0.5986774
0.621699,186.96709,0.7884344
0.1340127,171.59038,0.66375273
0.15027267,195.69386,0.56076247
0.7368197,92.82385,0.8364613
0.2579429,175.64145,0.93352115
0.47388893,82.50753,0.8164958
0.9746206,153.05518,0.68020165
0.11417696,218.57452,0.60554886
0.3378911,34.425575,0.8255005
0.65695715,131.32552,0.73011845
0.51538295,32.777687,0.7151844
0.5687021,201.62947,0.9369155
0.17106566,33.08329,0.94980574
0.5678895,95.601456,0.51478785
0.2964235,172.6953,0.89826035
0.80062497,193.38919,0.93910074
0.03416419,168.91946,0.90036654
0.76807237,174.15228,0.77976805
0.34554377,46.038586,0.72328573
0.7273207,65.08169,0.748338
0.32188255,58.56054,0.86207867
0.6869894,185.9429,0.8525485
0.28803554,132.48734,0.8485379
0.4295313,218.7319,0.6454361
0.93421626,203.09012,0.8076977
0.26962343,85.469864,0.57524747
0.85026217,84.93666,0.5332226
0.73443276,154.23854,0.9346674
0.46790147,105.52775,0.98121154
0.25484324,198.35748,0.91982156
0.8688577,187.6434,0.90509236
0.17126137,51.655582,0.7571498
0.08089134,56.873543,0.88201547
0.7892985,188.65994,0.5758839
0.44224107,105.37361,0.9709938
0.49054036,112.04301,0.88643914
0.5053272,71.17069,0.8215319
0.39917177,155.77867,0.64044255
0.84130013,107.90129,0.991176
0.5413135,84.69901,0.5833643
0.25313413,187.75545,0.88518417
0.5586573,185.76003,0.77963644
0.24675137,136.97789,0.9512267
0.19411182,106.79336,0.7933925
0.3358863,197.26553,0.7066312
0.73307467,187.1621,0.6068036
0.13663897,172.38414,0.52303004
1.0250301,37.98897,0.53023607
0.027092904,38.42194,0.6761875
0.3153879,178.72931,0.8233406
0.39052266,159.96162,0.5166094
0.49283192,142.00284,0.9623852
0.40240055,138.1958,0.622723
0.027413964,33.212364,0.6657532
0.648173,165.99658,0.9835081
0.45696372,148.07448,0.7853514
0.9231856,208.80925,0.9319523
0.07981801,35.95598,0.9363799
0.2361359,201.20425,0.7721294
0.57574654,228.42642,0.6432965
0.4021105,205.05588,0.54448575
0.3215262,65.6161,0.9115745
0.68609214,38.82534,0.8984449
0.30201125,155.68027,0.62751484
0.57753056,82.12916,0.6306885
0.5044703,94.76578,0.8821238
0.43857312,101.53128,0.5804446
0.3298648,179.02869,0.88593054
0.4545443,139.8279,0.921805
0.19558722,103.18003,0.7817461
0.05637586,32.836792,0.80629295
0.6966273,35.675964,0.9187037
0.8046217,204.3187,0.7977168
0.8244295,178.7397,0.59576976
0.11448297,47.077564,0.8699539
0.6061938,48.20352,0.56834066
0.44742495,195.64333,0.5252931
0.6676313,206.69113,0.56244206
0.71616995,214.1718,0.7961359
0.2010999,163.56332,0.60340124
0.32662416,62.08727,0.6050905
0.45160228,178.98665,0.7297689
0.12209922,44.809166,0.9590945
0.9494202,85.51244,0.6939851
0.89163864,113.44382,0.7767329
0.62080705,88.03789,0.8865119
0.7264687,153.02254,0.87674594
0.6406389,181.75432,0.7589847
0.2787737,219.37276,0.58582836
0.33838016,86.48022,0.83561736
0.90869105,158.34012,0.9872272
0.29651955,192.60187,0.9829172
0.1869365,43.021774,0.96418786
0.83763385,194.37799,0.8051461
0.38620907,177.84201,0.77741575
0.14702609,63.282413,0.7226192
0.5410007,181.01562,0.5212001
0.30917728,89.27126,0.5217667
0.41614944,202.30157,0.848451
0.31840327,199.01242,0.6688795
0.76472116,219.62158,0.6289623
0.82839954,211.76228,0.7560103
0.75385714,202.65573,0.66121054
0.8962741,176.83864,0.9934522
0.7538309,136.81512,0.72331554
0.67420495,84.90053,0.6458965
0.8990433,172.05142,0.6269374
0.34510893,46.87128,0.50461316
0.6524714,187.74867,0.8210738
0.67647797,166.74547,0.59197134
0.4825213,94.6028,0.5832734
0.7069126,167.04416,0.8374461
0.64902127,83.59333,0.74928045
0.8575071,193.24998,0.77472115
0.3648945,237.5301,0.6182932
0.5987238,197.78659,0.7962754
0.8560269,123.708725,0.55514085
0.43833914,150.61823,0.85185635
0.012929559,83.049385,0.76493466
0.108374864,180.49522,0.5477484
0.41668546,163.57234,0.70649165
0.5871519,82.55394,0.9926437
0.5861732,188.54964,0.7935101
0.5272468,84.58621,0.85562456
0.5884129,184.18047,0.56383944
0.7055273,56.056698,0.8874565
0.64791375,212.88753,0.5513518
0.14126384,101.57433,0.7936561
0.07589316,33.12763,0.920812
0.57373077,162.15671,0.89115936
0.47694448,184.00287,0.71965224
0.51666653,164.2819,0.8983321
0.48630553,66.51967,0.80199754
0.117438674,106.730156,0.8338928
0.80438757,185.68628,0.9458065
0.8516028,170.9872,0.6571932
0.7495419,179.70036,0.7252514
0.02007702,56.41764,0.5551441
0.28585035,145.78674,0.5181766
0.451973,217.67831,0.5566261